運動中心,運動種類,場地,日期,時間
南港,羽球,羽A,2024/12/06,06:00~07:00
南港,羽球,羽C,2024/12/06,06:00~07:00
南港,羽球,羽D,2024/12/06,06:00~07:00
南港,羽球,羽E,2024/12/06,06:00~07:00
南港,羽球,羽F,2024/12/06,06:00~07:00
南港,羽球,羽A,2024/12/07,06:00~07:00
南港,羽球,羽B,2024/12/07,06:00~07:00
南港,羽球,羽C,2024/12/07,06:00~07:00
南港,羽球,羽D,2024/12/07,06:00~07:00
南港,羽球,羽E,2024/12/07,06:00~07:00
南港,羽球,羽F,2024/12/08,06:00~07:00
南港,羽球,羽F,2024/12/08,17:00~18:00
南港,羽球,羽D,2024/12/08,18:00~19:00
南港,羽球,羽D,2024/12/08,19:00~20:00
南港,羽球,羽A,2024/12/09,06:00~07:00
南港,羽球,羽B,2024/12/09,06:00~07:00
南港,羽球,羽C,2024/12/09,06:00~07:00
南港,羽球,羽D,2024/12/09,06:00~07:00
南港,羽球,羽E,2024/12/09,06:00~07:00
南港,羽球,羽F,2024/12/09,06:00~07:00
南港,羽球,羽A,2024/12/09,07:00~08:00
南港,羽球,羽B,2024/12/09,07:00~08:00
南港,羽球,羽C,2024/12/09,07:00~08:00
南港,羽球,羽D,2024/12/09,07:00~08:00
南港,羽球,羽E,2024/12/09,07:00~08:00
南港,羽球,羽F,2024/12/09,07:00~08:00
南港,羽球,羽F,2024/12/09,08:00~09:00
南港,羽球,羽A,2024/12/10,06:00~07:00
南港,羽球,羽B,2024/12/10,06:00~07:00
南港,羽球,羽C,2024/12/10,06:00~07:00
南港,羽球,羽D,2024/12/10,06:00~07:00
南港,羽球,羽E,2024/12/10,06:00~07:00
南港,羽球,羽F,2024/12/10,06:00~07:00
南港,羽球,羽A,2024/12/10,07:00~08:00
南港,羽球,羽C,2024/12/10,07:00~08:00
南港,羽球,羽D,2024/12/10,07:00~08:00
南港,羽球,羽E,2024/12/10,07:00~08:00
南港,羽球,羽D,2024/12/10,08:00~09:00
南港,羽球,羽E,2024/12/10,08:00~09:00
南港,羽球,羽F,2024/12/10,08:00~09:00
南港,羽球,羽A,2024/12/11,06:00~07:00
南港,羽球,羽B,2024/12/11,06:00~07:00
南港,羽球,羽C,2024/12/11,06:00~07:00
南港,羽球,羽D,2024/12/11,06:00~07:00
南港,羽球,羽E,2024/12/11,06:00~07:00
南港,羽球,羽F,2024/12/11,06:00~07:00
南港,羽球,羽B,2024/12/11,07:00~08:00
南港,羽球,羽C,2024/12/11,07:00~08:00
南港,羽球,羽E,2024/12/11,07:00~08:00
南港,羽球,羽F,2024/12/11,07:00~08:00
南港,羽球,羽F,2024/12/11,08:00~09:00
南港,羽球,羽A,2024/12/12,06:00~07:00
南港,羽球,羽B,2024/12/12,06:00~07:00
南港,羽球,羽C,2024/12/12,06:00~07:00
南港,羽球,羽D,2024/12/12,06:00~07:00
南港,羽球,羽E,2024/12/12,06:00~07:00
南港,羽球,羽F,2024/12/12,06:00~07:00
南港,羽球,羽A,2024/12/12,07:00~08:00
南港,羽球,羽B,2024/12/12,07:00~08:00
南港,羽球,羽C,2024/12/12,07:00~08:00
南港,羽球,羽D,2024/12/12,07:00~08:00
南港,羽球,羽F,2024/12/12,07:00~08:00
南港,羽球,羽B,2024/12/12,08:00~09:00
南港,羽球,羽D,2024/12/12,08:00~09:00
南港,羽球,羽A,2024/12/13,06:00~07:00
南港,羽球,羽B,2024/12/13,06:00~07:00
南港,羽球,羽C,2024/12/13,06:00~07:00
南港,羽球,羽D,2024/12/13,06:00~07:00
南港,羽球,羽E,2024/12/13,06:00~07:00
南港,羽球,羽F,2024/12/13,06:00~07:00
南港,羽球,羽C,2024/12/13,07:00~08:00
南港,羽球,羽D,2024/12/13,07:00~08:00
南港,羽球,羽F,2024/12/13,07:00~08:00
南港,羽球,羽A,2024/12/13,08:00~09:00
南港,羽球,羽D,2024/12/13,08:00~09:00
南港,羽球,羽E,2024/12/13,08:00~09:00
南港,羽球,羽F,2024/12/13,08:00~09:00
南港,羽球,羽A,2024/12/13,09:00~10:00
南港,羽球,羽D,2024/12/13,15:00~16:00
南港,羽球,羽A,2024/12/14,06:00~07:00
南港,羽球,羽B,2024/12/14,06:00~07:00
南港,羽球,羽D,2024/12/14,06:00~07:00
南港,羽球,羽E,2024/12/14,06:00~07:00
南港,羽球,羽F,2024/12/14,06:00~07:00
南港,羽球,羽E,2024/12/15,06:00~07:00
南港,羽球,羽A,2024/12/16,06:00~07:00
南港,羽球,羽B,2024/12/16,06:00~07:00
南港,羽球,羽C,2024/12/16,06:00~07:00
南港,羽球,羽D,2024/12/16,06:00~07:00
南港,羽球,羽E,2024/12/16,06:00~07:00
南港,羽球,羽F,2024/12/16,06:00~07:00
南港,羽球,羽A,2024/12/16,07:00~08:00
南港,羽球,羽B,2024/12/16,07:00~08:00
南港,羽球,羽C,2024/12/16,07:00~08:00
南港,羽球,羽D,2024/12/16,07:00~08:00
南港,羽球,羽E,2024/12/16,07:00~08:00
南港,羽球,羽F,2024/12/16,07:00~08:00
南港,羽球,羽B,2024/12/16,08:00~09:00
南港,羽球,羽D,2024/12/16,08:00~09:00
南港,羽球,羽E,2024/12/16,08:00~09:00
南港,羽球,羽F,2024/12/16,08:00~09:00
南港,羽球,羽B,2024/12/16,09:00~10:00
南港,羽球,羽D,2024/12/16,09:00~10:00
南港,羽球,羽E,2024/12/16,09:00~10:00
南港,羽球,羽F,2024/12/16,09:00~10:00
南港,羽球,羽A,2024/12/17,06:00~07:00
南港,羽球,羽B,2024/12/17,06:00~07:00
南港,羽球,羽C,2024/12/17,06:00~07:00
南港,羽球,羽D,2024/12/17,06:00~07:00
南港,羽球,羽E,2024/12/17,06:00~07:00
南港,羽球,羽F,2024/12/17,06:00~07:00
南港,羽球,羽A,2024/12/17,07:00~08:00
南港,羽球,羽B,2024/12/17,07:00~08:00
南港,羽球,羽C,2024/12/17,07:00~08:00
南港,羽球,羽D,2024/12/17,07:00~08:00
南港,羽球,羽E,2024/12/17,07:00~08:00
南港,羽球,羽F,2024/12/17,07:00~08:00
南港,羽球,羽A,2024/12/17,08:00~09:00
南港,羽球,羽B,2024/12/17,08:00~09:00
南港,羽球,羽D,2024/12/17,08:00~09:00
南港,羽球,羽E,2024/12/17,08:00~09:00
南港,羽球,羽A,2024/12/18,06:00~07:00
南港,羽球,羽B,2024/12/18,06:00~07:00
南港,羽球,羽C,2024/12/18,06:00~07:00
南港,羽球,羽D,2024/12/18,06:00~07:00
南港,羽球,羽E,2024/12/18,06:00~07:00
南港,羽球,羽F,2024/12/18,06:00~07:00
南港,羽球,羽A,2024/12/18,07:00~08:00
南港,羽球,羽B,2024/12/18,07:00~08:00
南港,羽球,羽C,2024/12/18,07:00~08:00
南港,羽球,羽D,2024/12/18,07:00~08:00
南港,羽球,羽E,2024/12/18,07:00~08:00
南港,羽球,羽F,2024/12/18,07:00~08:00
南港,羽球,羽E,2024/12/18,08:00~09:00
南港,羽球,羽F,2024/12/18,08:00~09:00
南港,羽球,羽A,2024/12/18,09:00~10:00
汐止,羽球,羽B,2024/12/06,06:00~07:00
汐止,羽球,羽C,2024/12/06,06:00~07:00
汐止,羽球,羽D,2024/12/06,06:00~07:00
汐止,羽球,羽E,2024/12/06,06:00~07:00
汐止,羽球,羽F,2024/12/06,06:00~07:00
汐止,羽球,羽B,2024/12/06,07:00~08:00
汐止,羽球,羽C,2024/12/06,07:00~08:00
汐止,羽球,羽D,2024/12/06,07:00~08:00
汐止,羽球,羽E,2024/12/06,07:00~08:00
汐止,羽球,羽F,2024/12/06,07:00~08:00
汐止,羽球,羽A,2024/12/06,08:00~09:00
汐止,羽球,羽C,2024/12/06,08:00~09:00
汐止,羽球,羽D,2024/12/06,08:00~09:00
汐止,羽球,羽E,2024/12/06,08:00~09:00
汐止,羽球,羽F,2024/12/06,08:00~09:00
汐止,羽球,羽A,2024/12/06,09:00~10:00
汐止,羽球,羽C,2024/12/06,09:00~10:00
汐止,羽球,羽D,2024/12/06,09:00~10:00
汐止,羽球,羽F,2024/12/06,09:00~10:00
汐止,羽球,羽C,2024/12/06,10:00~11:00
汐止,羽球,羽E,2024/12/06,10:00~11:00
汐止,羽球,羽F,2024/12/06,10:00~11:00
汐止,羽球,羽C,2024/12/06,11:00~12:00
汐止,羽球,羽A,2024/12/06,12:00~13:00
汐止,羽球,羽B,2024/12/06,12:00~13:00
汐止,羽球,羽C,2024/12/06,12:00~13:00
汐止,羽球,羽D,2024/12/06,12:00~13:00
汐止,羽球,羽E,2024/12/06,12:00~13:00
汐止,羽球,羽A,2024/12/06,13:00~14:00
汐止,羽球,羽B,2024/12/06,13:00~14:00
汐止,羽球,羽D,2024/12/06,13:00~14:00
汐止,羽球,羽E,2024/12/06,13:00~14:00
汐止,羽球,羽B,2024/12/06,14:00~15:00
汐止,羽球,羽D,2024/12/06,14:00~15:00
汐止,羽球,羽E,2024/12/06,14:00~15:00
汐止,羽球,羽B,2024/12/06,15:00~16:00
汐止,羽球,羽C,2024/12/06,15:00~16:00
汐止,羽球,羽D,2024/12/06,15:00~16:00
汐止,羽球,羽E,2024/12/06,15:00~16:00
汐止,羽球,羽A,2024/12/06,16:00~17:00
汐止,羽球,羽B,2024/12/06,16:00~17:00
汐止,羽球,羽C,2024/12/06,16:00~17:00
汐止,羽球,羽D,2024/12/06,16:00~17:00
汐止,羽球,羽E,2024/12/06,16:00~17:00
汐止,羽球,羽F,2024/12/06,16:00~17:00
汐止,羽球,羽B,2024/12/06,17:00~18:00
汐止,羽球,羽D,2024/12/06,17:00~18:00
汐止,羽球,羽A,2024/12/09,06:00~07:00
汐止,羽球,羽B,2024/12/09,06:00~07:00
汐止,羽球,羽C,2024/12/09,06:00~07:00
汐止,羽球,羽D,2024/12/09,06:00~07:00
汐止,羽球,羽E,2024/12/09,06:00~07:00
汐止,羽球,羽F,2024/12/09,06:00~07:00
汐止,羽球,羽A,2024/12/09,07:00~08:00
汐止,羽球,羽B,2024/12/09,07:00~08:00
汐止,羽球,羽C,2024/12/09,07:00~08:00
汐止,羽球,羽D,2024/12/09,07:00~08:00
汐止,羽球,羽E,2024/12/09,07:00~08:00
汐止,羽球,羽F,2024/12/09,07:00~08:00
汐止,羽球,羽A,2024/12/09,08:00~09:00
汐止,羽球,羽B,2024/12/09,08:00~09:00
汐止,羽球,羽C,2024/12/09,08:00~09:00
汐止,羽球,羽D,2024/12/09,08:00~09:00
汐止,羽球,羽E,2024/12/09,08:00~09:00
汐止,羽球,羽F,2024/12/09,08:00~09:00
汐止,羽球,羽A,2024/12/09,09:00~10:00
汐止,羽球,羽B,2024/12/09,09:00~10:00
汐止,羽球,羽C,2024/12/09,09:00~10:00
汐止,羽球,羽D,2024/12/09,09:00~10:00
汐止,羽球,羽E,2024/12/09,09:00~10:00
汐止,羽球,羽F,2024/12/09,09:00~10:00
汐止,羽球,羽E,2024/12/09,10:00~11:00
汐止,羽球,羽F,2024/12/09,10:00~11:00
汐止,羽球,羽A,2024/12/09,12:00~13:00
汐止,羽球,羽B,2024/12/09,12:00~13:00
汐止,羽球,羽C,2024/12/09,12:00~13:00
汐止,羽球,羽D,2024/12/09,12:00~13:00
汐止,羽球,羽E,2024/12/09,12:00~13:00
汐止,羽球,羽A,2024/12/09,13:00~14:00
汐止,羽球,羽B,2024/12/09,13:00~14:00
汐止,羽球,羽C,2024/12/09,13:00~14:00
汐止,羽球,羽D,2024/12/09,13:00~14:00
汐止,羽球,羽E,2024/12/09,13:00~14:00
汐止,羽球,羽A,2024/12/09,14:00~15:00
汐止,羽球,羽B,2024/12/09,14:00~15:00
汐止,羽球,羽C,2024/12/09,14:00~15:00
汐止,羽球,羽D,2024/12/09,14:00~15:00
汐止,羽球,羽E,2024/12/09,14:00~15:00
汐止,羽球,羽F,2024/12/09,14:00~15:00
汐止,羽球,羽A,2024/12/09,15:00~16:00
汐止,羽球,羽B,2024/12/09,15:00~16:00
汐止,羽球,羽C,2024/12/09,15:00~16:00
汐止,羽球,羽E,2024/12/09,15:00~16:00
汐止,羽球,羽F,2024/12/09,15:00~16:00
汐止,羽球,羽A,2024/12/09,16:00~17:00
汐止,羽球,羽B,2024/12/09,16:00~17:00
汐止,羽球,羽C,2024/12/09,16:00~17:00
汐止,羽球,羽D,2024/12/09,16:00~17:00
汐止,羽球,羽E,2024/12/09,16:00~17:00
汐止,羽球,羽F,2024/12/09,16:00~17:00
汐止,羽球,羽A,2024/12/09,17:00~18:00
汐止,羽球,羽C,2024/12/09,17:00~18:00
汐止,羽球,羽D,2024/12/09,17:00~18:00
汐止,羽球,羽E,2024/12/09,17:00~18:00
汐止,羽球,羽F,2024/12/09,17:00~18:00
汐止,羽球,羽A,2024/12/10,06:00~07:00
汐止,羽球,羽B,2024/12/10,06:00~07:00
汐止,羽球,羽C,2024/12/10,06:00~07:00
汐止,羽球,羽D,2024/12/10,06:00~07:00
汐止,羽球,羽E,2024/12/10,06:00~07:00
汐止,羽球,羽F,2024/12/10,06:00~07:00
汐止,羽球,羽A,2024/12/10,07:00~08:00
汐止,羽球,羽B,2024/12/10,07:00~08:00
汐止,羽球,羽C,2024/12/10,07:00~08:00
汐止,羽球,羽D,2024/12/10,07:00~08:00
汐止,羽球,羽E,2024/12/10,07:00~08:00
汐止,羽球,羽F,2024/12/10,07:00~08:00
汐止,羽球,羽A,2024/12/10,08:00~09:00
汐止,羽球,羽B,2024/12/10,08:00~09:00
汐止,羽球,羽C,2024/12/10,08:00~09:00
汐止,羽球,羽D,2024/12/10,08:00~09:00
汐止,羽球,羽E,2024/12/10,08:00~09:00
汐止,羽球,羽F,2024/12/10,08:00~09:00
汐止,羽球,羽A,2024/12/10,09:00~10:00
汐止,羽球,羽B,2024/12/10,09:00~10:00
汐止,羽球,羽C,2024/12/10,09:00~10:00
汐止,羽球,羽D,2024/12/10,09:00~10:00
汐止,羽球,羽E,2024/12/10,09:00~10:00
汐止,羽球,羽F,2024/12/10,09:00~10:00
汐止,羽球,羽A,2024/12/10,10:00~11:00
汐止,羽球,羽B,2024/12/10,10:00~11:00
汐止,羽球,羽C,2024/12/10,10:00~11:00
汐止,羽球,羽D,2024/12/10,10:00~11:00
汐止,羽球,羽E,2024/12/10,10:00~11:00
汐止,羽球,羽F,2024/12/10,10:00~11:00
汐止,羽球,羽A,2024/12/10,11:00~12:00
汐止,羽球,羽B,2024/12/10,11:00~12:00
汐止,羽球,羽C,2024/12/10,11:00~12:00
汐止,羽球,羽D,2024/12/10,11:00~12:00
汐止,羽球,羽E,2024/12/10,11:00~12:00
汐止,羽球,羽A,2024/12/10,12:00~13:00
汐止,羽球,羽B,2024/12/10,12:00~13:00
汐止,羽球,羽D,2024/12/10,12:00~13:00
汐止,羽球,羽E,2024/12/10,12:00~13:00
汐止,羽球,羽A,2024/12/10,13:00~14:00
汐止,羽球,羽B,2024/12/10,13:00~14:00
汐止,羽球,羽C,2024/12/10,13:00~14:00
汐止,羽球,羽D,2024/12/10,13:00~14:00
汐止,羽球,羽E,2024/12/10,13:00~14:00
汐止,羽球,羽A,2024/12/10,14:00~15:00
汐止,羽球,羽B,2024/12/10,14:00~15:00
汐止,羽球,羽C,2024/12/10,14:00~15:00
汐止,羽球,羽D,2024/12/10,14:00~15:00
汐止,羽球,羽E,2024/12/10,14:00~15:00
汐止,羽球,羽F,2024/12/10,14:00~15:00
汐止,羽球,羽A,2024/12/10,15:00~16:00
汐止,羽球,羽C,2024/12/10,15:00~16:00
汐止,羽球,羽D,2024/12/10,15:00~16:00
汐止,羽球,羽E,2024/12/10,15:00~16:00
汐止,羽球,羽F,2024/12/10,15:00~16:00
汐止,羽球,羽B,2024/12/10,16:00~17:00
汐止,羽球,羽C,2024/12/10,16:00~17:00
汐止,羽球,羽D,2024/12/10,16:00~17:00
汐止,羽球,羽E,2024/12/10,16:00~17:00
汐止,羽球,羽F,2024/12/10,16:00~17:00
汐止,羽球,羽B,2024/12/10,17:00~18:00
汐止,羽球,羽C,2024/12/10,17:00~18:00
汐止,羽球,羽E,2024/12/10,17:00~18:00
汐止,羽球,羽F,2024/12/10,17:00~18:00
汐止,羽球,羽A,2024/12/11,06:00~07:00
汐止,羽球,羽B,2024/12/11,06:00~07:00
汐止,羽球,羽C,2024/12/11,06:00~07:00
汐止,羽球,羽D,2024/12/11,06:00~07:00
汐止,羽球,羽E,2024/12/11,06:00~07:00
汐止,羽球,羽F,2024/12/11,06:00~07:00
汐止,羽球,羽A,2024/12/11,07:00~08:00
汐止,羽球,羽B,2024/12/11,07:00~08:00
汐止,羽球,羽C,2024/12/11,07:00~08:00
汐止,羽球,羽D,2024/12/11,07:00~08:00
汐止,羽球,羽E,2024/12/11,07:00~08:00
汐止,羽球,羽F,2024/12/11,07:00~08:00
汐止,羽球,羽A,2024/12/11,08:00~09:00
汐止,羽球,羽B,2024/12/11,08:00~09:00
汐止,羽球,羽C,2024/12/11,08:00~09:00
汐止,羽球,羽D,2024/12/11,08:00~09:00
汐止,羽球,羽E,2024/12/11,08:00~09:00
汐止,羽球,羽F,2024/12/11,08:00~09:00
汐止,羽球,羽A,2024/12/11,09:00~10:00
汐止,羽球,羽B,2024/12/11,09:00~10:00
汐止,羽球,羽C,2024/12/11,09:00~10:00
汐止,羽球,羽D,2024/12/11,09:00~10:00
汐止,羽球,羽E,2024/12/11,09:00~10:00
汐止,羽球,羽F,2024/12/11,09:00~10:00
汐止,羽球,羽C,2024/12/11,10:00~11:00
汐止,羽球,羽D,2024/12/11,10:00~11:00
汐止,羽球,羽E,2024/12/11,10:00~11:00
汐止,羽球,羽F,2024/12/11,10:00~11:00
汐止,羽球,羽C,2024/12/11,11:00~12:00
汐止,羽球,羽D,2024/12/11,11:00~12:00
汐止,羽球,羽E,2024/12/11,11:00~12:00
汐止,羽球,羽F,2024/12/11,11:00~12:00
汐止,羽球,羽A,2024/12/11,12:00~13:00
汐止,羽球,羽B,2024/12/11,12:00~13:00
汐止,羽球,羽C,2024/12/11,12:00~13:00
汐止,羽球,羽D,2024/12/11,12:00~13:00
汐止,羽球,羽E,2024/12/11,12:00~13:00
汐止,羽球,羽F,2024/12/11,12:00~13:00
汐止,羽球,羽A,2024/12/11,13:00~14:00
汐止,羽球,羽B,2024/12/11,13:00~14:00
汐止,羽球,羽C,2024/12/11,13:00~14:00
汐止,羽球,羽D,2024/12/11,13:00~14:00
汐止,羽球,羽E,2024/12/11,13:00~14:00
汐止,羽球,羽F,2024/12/11,13:00~14:00
汐止,羽球,羽B,2024/12/11,14:00~15:00
汐止,羽球,羽C,2024/12/11,14:00~15:00
汐止,羽球,羽D,2024/12/11,14:00~15:00
汐止,羽球,羽E,2024/12/11,14:00~15:00
汐止,羽球,羽F,2024/12/11,14:00~15:00
汐止,羽球,羽E,2024/12/11,15:00~16:00
汐止,羽球,羽F,2024/12/11,15:00~16:00
汐止,羽球,羽A,2024/12/11,16:00~17:00
汐止,羽球,羽D,2024/12/11,16:00~17:00
汐止,羽球,羽E,2024/12/11,16:00~17:00
汐止,羽球,羽F,2024/12/11,16:00~17:00
汐止,羽球,羽A,2024/12/11,17:00~18:00
汐止,羽球,羽B,2024/12/11,17:00~18:00
汐止,羽球,羽C,2024/12/11,17:00~18:00
汐止,羽球,羽D,2024/12/11,17:00~18:00
汐止,羽球,羽E,2024/12/11,17:00~18:00
汐止,羽球,羽F,2024/12/11,17:00~18:00
汐止,羽球,羽A,2024/12/12,06:00~07:00
汐止,羽球,羽B,2024/12/12,06:00~07:00
汐止,羽球,羽C,2024/12/12,06:00~07:00
汐止,羽球,羽D,2024/12/12,06:00~07:00
汐止,羽球,羽E,2024/12/12,06:00~07:00
汐止,羽球,羽F,2024/12/12,06:00~07:00
汐止,羽球,羽A,2024/12/12,07:00~08:00
汐止,羽球,羽B,2024/12/12,07:00~08:00
汐止,羽球,羽C,2024/12/12,07:00~08:00
汐止,羽球,羽D,2024/12/12,07:00~08:00
汐止,羽球,羽E,2024/12/12,07:00~08:00
汐止,羽球,羽F,2024/12/12,07:00~08:00
汐止,羽球,羽A,2024/12/12,08:00~09:00
汐止,羽球,羽B,2024/12/12,08:00~09:00
汐止,羽球,羽C,2024/12/12,08:00~09:00
汐止,羽球,羽D,2024/12/12,08:00~09:00
汐止,羽球,羽E,2024/12/12,08:00~09:00
汐止,羽球,羽F,2024/12/12,08:00~09:00
汐止,羽球,羽B,2024/12/12,09:00~10:00
汐止,羽球,羽C,2024/12/12,09:00~10:00
汐止,羽球,羽C,2024/12/12,10:00~11:00
汐止,羽球,羽D,2024/12/12,10:00~11:00
汐止,羽球,羽E,2024/12/12,10:00~11:00
汐止,羽球,羽F,2024/12/12,10:00~11:00
汐止,羽球,羽C,2024/12/12,11:00~12:00
汐止,羽球,羽D,2024/12/12,11:00~12:00
汐止,羽球,羽A,2024/12/12,12:00~13:00
汐止,羽球,羽B,2024/12/12,12:00~13:00
汐止,羽球,羽C,2024/12/12,12:00~13:00
汐止,羽球,羽D,2024/12/12,12:00~13:00
汐止,羽球,羽E,2024/12/12,12:00~13:00
汐止,羽球,羽F,2024/12/12,12:00~13:00
汐止,羽球,羽A,2024/12/12,13:00~14:00
汐止,羽球,羽B,2024/12/12,13:00~14:00
汐止,羽球,羽C,2024/12/12,13:00~14:00
汐止,羽球,羽D,2024/12/12,13:00~14:00
汐止,羽球,羽A,2024/12/12,14:00~15:00
汐止,羽球,羽B,2024/12/12,14:00~15:00
汐止,羽球,羽C,2024/12/12,14:00~15:00
汐止,羽球,羽D,2024/12/12,14:00~15:00
汐止,羽球,羽A,2024/12/12,15:00~16:00
汐止,羽球,羽B,2024/12/12,15:00~16:00
汐止,羽球,羽C,2024/12/12,15:00~16:00
汐止,羽球,羽D,2024/12/12,15:00~16:00
汐止,羽球,羽E,2024/12/12,15:00~16:00
汐止,羽球,羽F,2024/12/12,15:00~16:00
汐止,羽球,羽B,2024/12/12,16:00~17:00
汐止,羽球,羽D,2024/12/12,16:00~17:00
汐止,羽球,羽E,2024/12/12,16:00~17:00
汐止,羽球,羽F,2024/12/12,16:00~17:00
汐止,羽球,羽B,2024/12/12,17:00~18:00
汐止,羽球,羽D,2024/12/12,17:00~18:00
汐止,羽球,羽E,2024/12/12,17:00~18:00
汐止,羽球,羽F,2024/12/12,17:00~18:00
汐止,羽球,羽B,2024/12/12,18:00~19:00
內湖,羽球,羽1,2024/12/06,06:00~07:00
內湖,羽球,羽2,2024/12/06,06:00~07:00
內湖,羽球,羽3,2024/12/06,06:00~07:00
內湖,羽球,羽4,2024/12/06,06:00~07:00
內湖,羽球,羽6,2024/12/06,06:00~07:00
內湖,羽球,羽2,2024/12/06,07:00~08:00
內湖,羽球,羽5,2024/12/06,09:00~10:00
內湖,羽球,羽2,2024/12/06,11:00~12:00
內湖,羽球,羽3,2024/12/06,11:00~12:00
內湖,羽球,羽5,2024/12/06,11:00~12:00
內湖,羽球,羽5,2024/12/06,18:00~19:00
內湖,羽球,羽2,2024/12/08,06:00~07:00
內湖,羽球,羽1,2024/12/09,06:00~07:00
內湖,羽球,羽2,2024/12/09,06:00~07:00
內湖,羽球,羽3,2024/12/09,06:00~07:00
內湖,羽球,羽4,2024/12/09,06:00~07:00
內湖,羽球,羽6,2024/12/09,06:00~07:00
內湖,羽球,羽1,2024/12/09,07:00~08:00
內湖,羽球,羽2,2024/12/09,07:00~08:00
內湖,羽球,羽3,2024/12/09,13:00~14:00
內湖,羽球,羽4,2024/12/09,13:00~14:00
內湖,羽球,羽5,2024/12/09,17:00~18:00
內湖,羽球,羽6,2024/12/09,17:00~18:00
內湖,羽球,羽1,2024/12/10,06:00~07:00
內湖,羽球,羽2,2024/12/10,06:00~07:00
內湖,羽球,羽3,2024/12/10,06:00~07:00
內湖,羽球,羽4,2024/12/10,06:00~07:00
內湖,羽球,羽5,2024/12/10,06:00~07:00
內湖,羽球,羽6,2024/12/10,06:00~07:00
內湖,羽球,羽1,2024/12/10,07:00~08:00
內湖,羽球,羽2,2024/12/10,07:00~08:00
內湖,羽球,羽3,2024/12/10,07:00~08:00
內湖,羽球,羽4,2024/12/10,07:00~08:00
內湖,羽球,羽5,2024/12/10,07:00~08:00
內湖,羽球,羽6,2024/12/10,07:00~08:00
內湖,羽球,羽5,2024/12/10,08:00~09:00
內湖,羽球,羽1,2024/12/10,16:00~17:00
內湖,羽球,羽2,2024/12/10,16:00~17:00
內湖,羽球,羽5,2024/12/10,17:00~18:00
內湖,羽球,羽1,2024/12/11,06:00~07:00
內湖,羽球,羽2,2024/12/11,06:00~07:00
內湖,羽球,羽3,2024/12/11,06:00~07:00
內湖,羽球,羽4,2024/12/11,06:00~07:00
內湖,羽球,羽5,2024/12/11,06:00~07:00
內湖,羽球,羽6,2024/12/11,06:00~07:00
內湖,羽球,羽1,2024/12/11,07:00~08:00
內湖,羽球,羽2,2024/12/11,07:00~08:00
內湖,羽球,羽4,2024/12/11,09:00~10:00
內湖,羽球,羽1,2024/12/11,10:00~11:00
內湖,羽球,羽3,2024/12/11,13:00~14:00
內湖,羽球,羽6,2024/12/11,13:00~14:00
內湖,羽球,羽4,2024/12/11,14:00~15:00
內湖,羽球,羽1,2024/12/11,15:00~16:00
內湖,羽球,羽5,2024/12/11,15:00~16:00
內湖,羽球,羽5,2024/12/11,17:00~18:00
內湖,羽球,羽1,2024/12/12,06:00~07:00
內湖,羽球,羽2,2024/12/12,06:00~07:00
內湖,羽球,羽3,2024/12/12,06:00~07:00
內湖,羽球,羽4,2024/12/12,06:00~07:00
內湖,羽球,羽5,2024/12/12,06:00~07:00
內湖,羽球,羽6,2024/12/12,06:00~07:00
內湖,羽球,羽1,2024/12/12,07:00~08:00
內湖,羽球,羽2,2024/12/12,07:00~08:00
內湖,羽球,羽3,2024/12/12,07:00~08:00
內湖,羽球,羽4,2024/12/12,07:00~08:00
內湖,羽球,羽5,2024/12/12,07:00~08:00
內湖,羽球,羽6,2024/12/12,07:00~08:00
內湖,羽球,羽3,2024/12/12,08:00~09:00
內湖,羽球,羽4,2024/12/12,08:00~09:00
內湖,羽球,羽5,2024/12/12,08:00~09:00
內湖,羽球,羽6,2024/12/12,08:00~09:00
內湖,羽球,羽3,2024/12/12,11:00~12:00
內湖,羽球,羽5,2024/12/12,11:00~12:00
內湖,羽球,羽2,2024/12/12,13:00~14:00
內湖,羽球,羽4,2024/12/12,13:00~14:00
內湖,羽球,羽4,2024/12/12,14:00~15:00
內湖,羽球,羽5,2024/12/12,14:00~15:00
內湖,羽球,羽2,2024/12/12,16:00~17:00
內湖,羽球,羽1,2024/12/13,06:00~07:00
內湖,羽球,羽2,2024/12/13,06:00~07:00
內湖,羽球,羽3,2024/12/13,06:00~07:00
內湖,羽球,羽4,2024/12/13,06:00~07:00
內湖,羽球,羽6,2024/12/13,06:00~07:00
內湖,羽球,羽1,2024/12/13,07:00~08:00
內湖,羽球,羽2,2024/12/13,07:00~08:00
內湖,羽球,羽3,2024/12/13,09:00~10:00
內湖,羽球,羽4,2024/12/13,09:00~10:00
內湖,羽球,羽6,2024/12/13,09:00~10:00
內湖,羽球,羽1,2024/12/13,10:00~11:00
內湖,羽球,羽2,2024/12/13,10:00~11:00
內湖,羽球,羽3,2024/12/13,10:00~11:00
內湖,羽球,羽5,2024/12/13,10:00~11:00
內湖,羽球,羽6,2024/12/13,10:00~11:00
內湖,羽球,羽2,2024/12/15,06:00~07:00
內湖,羽球,羽3,2024/12/15,06:00~07:00
內湖,羽球,羽5,2024/12/15,06:00~07:00
內湖,羽球,羽6,2024/12/15,06:00~07:00
內湖,羽球,羽1,2024/12/16,06:00~07:00
內湖,羽球,羽2,2024/12/16,06:00~07:00
內湖,羽球,羽3,2024/12/16,06:00~07:00
內湖,羽球,羽4,2024/12/16,06:00~07:00
內湖,羽球,羽5,2024/12/16,06:00~07:00
內湖,羽球,羽6,2024/12/16,06:00~07:00
內湖,羽球,羽1,2024/12/16,07:00~08:00
內湖,羽球,羽2,2024/12/16,07:00~08:00
內湖,羽球,羽5,2024/12/16,09:00~10:00
內湖,羽球,羽5,2024/12/16,11:00~12:00
內湖,羽球,羽1,2024/12/16,13:00~14:00
內湖,羽球,羽2,2024/12/16,13:00~14:00
內湖,羽球,羽3,2024/12/16,13:00~14:00
內湖,羽球,羽4,2024/12/16,13:00~14:00
內湖,羽球,羽1,2024/12/16,14:00~15:00
內湖,羽球,羽3,2024/12/16,14:00~15:00
內湖,羽球,羽1,2024/12/16,15:00~16:00
內湖,羽球,羽3,2024/12/16,15:00~16:00
內湖,羽球,羽2,2024/12/16,16:00~17:00
內湖,羽球,羽3,2024/12/16,16:00~17:00
內湖,羽球,羽4,2024/12/16,16:00~17:00
內湖,羽球,羽5,2024/12/16,16:00~17:00
內湖,羽球,羽6,2024/12/16,16:00~17:00
內湖,羽球,羽2,2024/12/16,17:00~18:00
內湖,羽球,羽5,2024/12/16,17:00~18:00
內湖,羽球,羽6,2024/12/16,17:00~18:00
內湖,羽球,羽1,2024/12/17,06:00~07:00
內湖,羽球,羽2,2024/12/17,06:00~07:00
內湖,羽球,羽3,2024/12/17,06:00~07:00
內湖,羽球,羽4,2024/12/17,06:00~07:00
內湖,羽球,羽5,2024/12/17,06:00~07:00
內湖,羽球,羽6,2024/12/17,06:00~07:00
內湖,羽球,羽1,2024/12/17,07:00~08:00
內湖,羽球,羽2,2024/12/17,07:00~08:00
內湖,羽球,羽3,2024/12/17,07:00~08:00
內湖,羽球,羽4,2024/12/17,07:00~08:00
內湖,羽球,羽5,2024/12/17,07:00~08:00
內湖,羽球,羽6,2024/12/17,07:00~08:00
內湖,羽球,羽5,2024/12/17,08:00~09:00
內湖,羽球,羽6,2024/12/17,08:00~09:00
內湖,羽球,羽5,2024/12/17,11:00~12:00
內湖,羽球,羽6,2024/12/17,11:00~12:00
內湖,羽球,羽5,2024/12/17,13:00~14:00
內湖,羽球,羽5,2024/12/17,14:00~15:00
內湖,羽球,羽6,2024/12/17,14:00~15:00
內湖,羽球,羽1,2024/12/17,16:00~17:00
內湖,羽球,羽2,2024/12/17,16:00~17:00
內湖,羽球,羽2,2024/12/17,17:00~18:00
內湖,羽球,羽3,2024/12/17,17:00~18:00
內湖,羽球,羽4,2024/12/17,17:00~18:00
內湖,羽球,羽1,2024/12/18,06:00~07:00
內湖,羽球,羽2,2024/12/18,06:00~07:00
內湖,羽球,羽3,2024/12/18,06:00~07:00
內湖,羽球,羽4,2024/12/18,06:00~07:00
內湖,羽球,羽5,2024/12/18,06:00~07:00
內湖,羽球,羽6,2024/12/18,06:00~07:00
內湖,羽球,羽1,2024/12/18,07:00~08:00
內湖,羽球,羽2,2024/12/18,07:00~08:00
內湖,羽球,羽4,2024/12/18,09:00~10:00
內湖,羽球,羽5,2024/12/18,09:00~10:00
內湖,羽球,羽6,2024/12/18,09:00~10:00
內湖,羽球,羽1,2024/12/18,10:00~11:00
內湖,羽球,羽5,2024/12/18,10:00~11:00
內湖,羽球,羽6,2024/12/18,10:00~11:00
內湖,羽球,羽1,2024/12/18,11:00~12:00
內湖,羽球,羽3,2024/12/18,13:00~14:00
內湖,羽球,羽4,2024/12/18,13:00~14:00
內湖,羽球,羽5,2024/12/18,13:00~14:00
內湖,羽球,羽1,2024/12/18,14:00~15:00
內湖,羽球,羽2,2024/12/18,14:00~15:00
內湖,羽球,羽4,2024/12/18,14:00~15:00
內湖,羽球,羽5,2024/12/18,14:00~15:00
內湖,羽球,羽1,2024/12/18,15:00~16:00
內湖,羽球,羽4,2024/12/18,15:00~16:00
內湖,羽球,羽5,2024/12/18,15:00~16:00
內湖,羽球,羽5,2024/12/18,16:00~17:00
內湖,羽球,羽6,2024/12/18,17:00~18:00
內湖,羽球,羽1,2024/12/19,06:00~07:00
內湖,羽球,羽2,2024/12/19,06:00~07:00
內湖,羽球,羽3,2024/12/19,06:00~07:00
內湖,羽球,羽4,2024/12/19,06:00~07:00
內湖,羽球,羽5,2024/12/19,06:00~07:00
內湖,羽球,羽6,2024/12/19,06:00~07:00
內湖,羽球,羽1,2024/12/19,07:00~08:00
內湖,羽球,羽2,2024/12/19,07:00~08:00
內湖,羽球,羽3,2024/12/19,07:00~08:00
內湖,羽球,羽4,2024/12/19,07:00~08:00
內湖,羽球,羽5,2024/12/19,07:00~08:00
內湖,羽球,羽6,2024/12/19,07:00~08:00
內湖,羽球,羽3,2024/12/19,08:00~09:00
內湖,羽球,羽4,2024/12/19,08:00~09:00
內湖,羽球,羽5,2024/12/19,08:00~09:00
內湖,羽球,羽4,2024/12/19,09:00~10:00
內湖,羽球,羽4,2024/12/19,10:00~11:00
內湖,羽球,羽3,2024/12/19,11:00~12:00
內湖,羽球,羽4,2024/12/19,11:00~12:00
內湖,羽球,羽5,2024/12/19,11:00~12:00
內湖,羽球,羽6,2024/12/19,11:00~12:00
內湖,羽球,羽1,2024/12/19,13:00~14:00
內湖,羽球,羽2,2024/12/19,13:00~14:00
內湖,羽球,羽4,2024/12/19,13:00~14:00
內湖,羽球,羽4,2024/12/19,14:00~15:00
內湖,羽球,羽5,2024/12/19,14:00~15:00
內湖,羽球,羽6,2024/12/19,14:00~15:00
